<?xml version="1.0" encoding="UTF-8"?><content><ctype>3</ctype><cpId>799087</cpId><cpName>咪咕互动娱乐有限公司</cpName><productId></productId><productName></productName><contentId>006117997000</contentId><contentName>印第安大冒险2（阳光HD版）</contentName><verfyprice>10000</verfyprice><description></description><serviceTel></serviceTel><itemList><item><itemId>006117997014</itemId><itemName>1毛钱限量礼包</itemName><itemPrice>10</itemPrice><itemDes></itemDes><itemExt></itemExt></item><item><itemId>006117997007</itemId><itemName>人物皮肤</itemName><itemPrice>800</itemPrice><itemDes></itemDes><itemExt></itemExt></item><item><itemId>006117997008</itemId><itemName>全家福大礼包</itemName><itemPrice>2900</itemPrice><itemDes></itemDes><itemExt></itemExt></item><item><itemId>006117997004</itemId><itemName>全部祭坛</itemName><itemPrice>1900</itemPrice><itemDes></itemDes><itemExt></itemExt></item><item><itemId>006117997003</itemId><itemName>单关祭坛</itemName><itemPrice>200</itemPrice><itemDes></itemDes><itemExt></itemExt></item><item><itemId>006117997013</itemId><itemName>双倍贝贝币</itemName><itemPrice>1200</itemPrice><itemDes></itemDes><itemExt></itemExt></item><item><itemId>006117997005</itemId><itemName>复活</itemName><itemPrice>200</itemPrice><itemDes></itemDes><itemExt></itemExt></item><item><itemId>006117997010</itemId><itemName>娜妮露</itemName><itemPrice>1500</itemPrice><itemDes></itemDes><itemExt></itemExt></item><item><itemId>006117997012</itemId><itemName>新手大礼包</itemName><itemPrice>100</itemPrice><itemDes></itemDes><itemExt></itemExt></item><item><itemId>006117997006</itemId><itemName>畅玩大礼包</itemName><itemPrice>2900</itemPrice><itemDes></itemDes><itemExt></itemExt></item><item><itemId>006117997001</itemId><itemName>贝贝币堆</itemName><itemPrice>800</itemPrice><itemDes></itemDes><itemExt></itemExt></item><item><itemId>006117997002</itemId><itemName>贝贝币山</itemName><itemPrice>1500</itemPrice><itemDes></itemDes><itemExt></itemExt></item><item><itemId>006117997011</itemId><itemName>马努*祭司</itemName><itemPrice>2500</itemPrice><itemDes></itemDes><itemExt></itemExt></item><item><itemId>006117997009</itemId><itemName>马努壮</itemName><itemPrice>1500</itemPrice><itemDes></itemDes><itemExt></itemExt></item></itemList><checksum>d9CqmDPs+zzJxv6bybGgvHVUgwZ4y4uw8wgmu7+15f7j0kZM3Cq2m3ipdOlr8a/b3hKOH95V3ExXoI5O8BKdrny9Tyso+3ga0cyRThjl8CQ/TpQX9bQDIdpt/N7XsBCNSZQGgYoZTs710TDCm+ksUuClt2uMLN996X9ct2vGz8k=</checksum></content>