<?xml version="1.0" encoding="UTF-8"?><content><ctype>3</ctype><cpId>799087</cpId><cpName>咪咕互动娱乐有限公司</cpName><productId></productId><productName></productName><contentId>006121329000</contentId><contentName>阳光测试26002</contentName><verfyprice>10000</verfyprice><description></description><serviceTel></serviceTel><itemList><item><itemId>006121329001</itemId><itemName>点数混合</itemName><itemPrice>1</itemPrice><itemDes></itemDes><itemExt></itemExt></item><item><itemId>006121329002</itemId><itemName>点数混合02</itemName><itemPrice>2</itemPrice><itemDes></itemDes><itemExt></itemExt></item><item><itemId>006121329008</itemId><itemName>点混第三方_全部</itemName><itemPrice>8</itemPrice><itemDes></itemDes><itemExt></itemExt></item><item><itemId>006121329003</itemId><itemName>点混第三方_微信+mo9</itemName><itemPrice>3</itemPrice><itemDes></itemDes><itemExt></itemExt></item><item><itemId>006121329006</itemId><itemName>点混第三方_微支</itemName><itemPrice>6</itemPrice><itemDes></itemDes><itemExt></itemExt></item><item><itemId>006121329007</itemId><itemName>点混第三方_微支和咪</itemName><itemPrice>7</itemPrice><itemDes></itemDes><itemExt></itemExt></item><item><itemId>006121329004</itemId><itemName>点混第三方_支和</itemName><itemPrice>4</itemPrice><itemDes></itemDes><itemExt></itemExt></item><item><itemId>006121329005</itemId><itemName>点混第三方_支微咪咕币</itemName><itemPrice>5</itemPrice><itemDes></itemDes><itemExt></itemExt></item><item><itemId>006121329017</itemId><itemName>点混第三方全部</itemName><itemPrice>6</itemPrice><itemDes></itemDes><itemExt></itemExt></item><item><itemId>006121329012</itemId><itemName>点混第三方微信+mo9</itemName><itemPrice>1</itemPrice><itemDes></itemDes><itemExt></itemExt></item><item><itemId>006121329015</itemId><itemName>点混第三方微支</itemName><itemPrice>4</itemPrice><itemDes></itemDes><itemExt></itemExt></item><item><itemId>006121329016</itemId><itemName>点混第三方微支和咪</itemName><itemPrice>5</itemPrice><itemDes></itemDes><itemExt></itemExt></item><item><itemId>006121329013</itemId><itemName>点混第三方支和</itemName><itemPrice>2</itemPrice><itemDes></itemDes><itemExt></itemExt></item><item><itemId>006121329014</itemId><itemName>点混第三方支微咪咕币</itemName><itemPrice>3</itemPrice><itemDes></itemDes><itemExt></itemExt></item><item><itemId>006121329011</itemId><itemName>第三方_全部</itemName><itemPrice>11</itemPrice><itemDes></itemDes><itemExt></itemExt></item><item><itemId>006121329010</itemId><itemName>第三方_微支mo和</itemName><itemPrice>10</itemPrice><itemDes></itemDes><itemExt></itemExt></item><item><itemId>006121329009</itemId><itemName>第三方_支微</itemName><itemPrice>9</itemPrice><itemDes></itemDes><itemExt></itemExt></item><item><itemId>006121329020</itemId><itemName>第三方全部</itemName><itemPrice>31</itemPrice><itemDes></itemDes><itemExt></itemExt></item><item><itemId>006121329019</itemId><itemName>第三方微支mo和</itemName><itemPrice>31</itemPrice><itemDes></itemDes><itemExt></itemExt></item><item><itemId>006121329018</itemId><itemName>第三方支微</itemName><itemPrice>31</itemPrice><itemDes></itemDes><itemExt></itemExt></item></itemList><checksum>dfrhfzuMvhld5O8zlulkIZadgzDHui77DVvggMQxkUvWX1KfGd27dTlme+/Om473TvZgkXDbI+OpeW6VoUtb86gMVJCokXjVhAEjwfM09icC/qTxHwhzJcqr2yeZJi07RgsqjKdcisWmmNwJhlBz9uQdNezQZ6gDVHiuJH+44eQ=</checksum></content>