<?xml version="1.0" encoding="UTF-8"?>
<!DOCTYPE struts PUBLIC "-//Apache Software Foundation//DTD Struts Configuration 2.1//EN"
        "http://struts.apache.org/dtds/struts-2.1.dtd">
<struts>
	<!-- 指定默认的父包 -->
	<constant name="struts.convention.default.parent.package" value="u-default" />
	<!-- 设置convention插件默认的根包 -->
	<constant name="struts.convention.package.locators" value="web" />
	<constant name="struts.i18n.encoding" value="UTF-8" />
	<!-- 搜索此配置下的所有包 -->
	<constant name="struts.convention.package.locators.basePackage" value="com.u8.server" />

	<!-- struts2漏洞屏蔽-->
	<constant name="struts.enable.DynamicMethodInvocation" value="false"/>


	<!--<constant name="struts.objectFactory.spring.autoWire" value="true" />-->

	<!-- 继承convention-default包，定义一个默认的拦截器，根据需要还可扩展 -->
	<package name="u-default" extends="convention-default">
		<interceptors>
			
			<interceptor name="loginVerify" class="com.u8.server.filters.LoginInterceptor"/>
			
			<interceptor-stack name="uStack">
				<interceptor-ref name="defaultStack" />
				<interceptor-ref name="loginVerify">
					<param name="excludeMethods">login,showLogin,doLogin</param>
				</interceptor-ref>
			</interceptor-stack>
		</interceptors>
		<default-interceptor-ref name="uStack" />

		<global-results>
			<result name="login">/WEB-INF/admin/login.jsp</result>
		</global-results>
	</package>
</struts>